method_key,method_short,method,budget,diagnosis_seed,split_mode,layout_file,output_tag,metrics_file,command,direct,near,far,mean_hop,max_hop,overlap_count,monitor_dispersion_mean_hop,monitor_redundancy_mean_jaccard,global_mean_hop,metrics_status,window_mrr,window_top1,window_top3,window_top5,event_mrr_mean,event_top1_mean,event_top3_mean,event_top5_mean,scenario_count
degree,Degree,degree,5,7,scenario,E:\11.16\script2_new\chapter5_layout_optimization\outputs\layouts\degree\monitor_nodes_degree_N5.json,ch5_core_degree_N5_scenario_s7,E:\11.16\script2_new\outputs\reports\last_run_metrics_ch5_core_degree_N5_scenario_s7.json,"conda run -n swmm_gpu python ""E:\11.16\script2_new\scripts\train_privileged_teacher_student.py"" --student-monitors ""E:\11.16\script2_new\chapter5_layout_optimization\outputs\layouts\degree\monitor_nodes_degree_N5.json"" --teacher-subdir time_gated_full_ie_v4_formal_conservative420_seed42 --student-model-type hydraulic_inverse_deepattn --num-epochs 25 --lambda-kd 0 --lambda-active-kd 0 --split-mode scenario --seed 7 --output-tag ch5_core_degree_N5_scenario_s7",3,13,34,5.78,15.0,3,3.9,0.10277777777777777,,available,0.584222232745244,0.41435897435897434,0.6871794871794872,0.8174358974358974,0.5907257917950591,0.42174291616807746,0.6878436559809109,0.8142831206556694,63.0
degree,Degree,degree,5,42,scenario,E:\11.16\script2_new\chapter5_layout_optimization\outputs\layouts\degree\monitor_nodes_degree_N5.json,ch5_core_degree_N5_scenario_s42,E:\11.16\script2_new\outputs\reports\last_run_metrics_ch5_core_degree_N5_scenario_s42.json,"conda run -n swmm_gpu python ""E:\11.16\script2_new\scripts\train_privileged_teacher_student.py"" --student-monitors ""E:\11.16\script2_new\chapter5_layout_optimization\outputs\layouts\degree\monitor_nodes_degree_N5.json"" --teacher-subdir time_gated_full_ie_v4_formal_conservative420_seed42 --student-model-type hydraulic_inverse_deepattn --num-epochs 25 --lambda-kd 0 --lambda-active-kd 0 --split-mode scenario --seed 42 --output-tag ch5_core_degree_N5_scenario_s42",3,13,34,5.78,15.0,3,3.9,0.10277777777777777,,available,0.546352125139192,0.3617269544924154,0.6744457409568262,0.8028004667444574,0.5621313200957301,0.38679876430150456,0.6765712433414296,0.825343322807091,63.0
degree,Degree,degree,5,123,scenario,E:\11.16\script2_new\chapter5_layout_optimization\outputs\layouts\degree\monitor_nodes_degree_N5.json,ch5_core_degree_N5_scenario_s123,E:\11.16\script2_new\outputs\reports\last_run_metrics_ch5_core_degree_N5_scenario_s123.json,"conda run -n swmm_gpu python ""E:\11.16\script2_new\scripts\train_privileged_teacher_student.py"" --student-monitors ""E:\11.16\script2_new\chapter5_layout_optimization\outputs\layouts\degree\monitor_nodes_degree_N5.json"" --teacher-subdir time_gated_full_ie_v4_formal_conservative420_seed42 --student-model-type hydraulic_inverse_deepattn --num-epochs 25 --lambda-kd 0 --lambda-active-kd 0 --split-mode scenario --seed 123 --output-tag ch5_core_degree_N5_scenario_s123",3,13,34,5.78,15.0,3,3.9,0.10277777777777777,,available,0.5490674177235593,0.3912568306010929,0.6163934426229508,0.7639344262295082,0.559352881342348,0.4070746817245416,0.6231277696263691,0.7528581803091607,63.0
candidate_observability,Cand-Obs,candidate_observability,5,7,scenario,E:\11.16\script2_new\chapter5_layout_optimization\outputs\layouts\candidate_observability\monitor_nodes_candidate_observability_N5.json,ch5_core_candidate_observability_N5_scenario_s7,E:\11.16\script2_new\outputs\reports\last_run_metrics_ch5_core_candidate_observability_N5_scenario_s7.json,"conda run -n swmm_gpu python ""E:\11.16\script2_new\scripts\train_privileged_teacher_student.py"" --student-monitors ""E:\11.16\script2_new\chapter5_layout_optimization\outputs\layouts\candidate_observability\monitor_nodes_candidate_observability_N5.json"" --teacher-subdir time_gated_full_ie_v4_formal_conservative420_seed42 --student-model-type hydraulic_inverse_deepattn --num-epochs 25 --lambda-kd 0 --lambda-active-kd 0 --split-mode scenario --seed 7 --output-tag ch5_core_candidate_observability_N5_scenario_s7",3,20,27,5.38,15.0,3,11.9,0.03111111111111111,,missing,,,,,,,,,
candidate_observability,Cand-Obs,candidate_observability,5,42,scenario,E:\11.16\script2_new\chapter5_layout_optimization\outputs\layouts\candidate_observability\monitor_nodes_candidate_observability_N5.json,ch5_core_candidate_observability_N5_scenario_s42,E:\11.16\script2_new\outputs\reports\last_run_metrics_ch5_core_candidate_observability_N5_scenario_s42.json,"conda run -n swmm_gpu python ""E:\11.16\script2_new\scripts\train_privileged_teacher_student.py"" --student-monitors ""E:\11.16\script2_new\chapter5_layout_optimization\outputs\layouts\candidate_observability\monitor_nodes_candidate_observability_N5.json"" --teacher-subdir time_gated_full_ie_v4_formal_conservative420_seed42 --student-model-type hydraulic_inverse_deepattn --num-epochs 25 --lambda-kd 0 --lambda-active-kd 0 --split-mode scenario --seed 42 --output-tag ch5_core_candidate_observability_N5_scenario_s42",3,20,27,5.38,15.0,3,11.9,0.03111111111111111,,available,0.5546734379810936,0.3885647607934656,0.6651108518086347,0.7491248541423571,0.571680883285815,0.41897775945395,0.6609367740655039,0.7518005020775693,63.0
candidate_observability,Cand-Obs,candidate_observability,5,123,scenario,E:\11.16\script2_new\chapter5_layout_optimization\outputs\layouts\candidate_observability\monitor_nodes_candidate_observability_N5.json,ch5_core_candidate_observability_N5_scenario_s123,E:\11.16\script2_new\outputs\reports\last_run_metrics_ch5_core_candidate_observability_N5_scenario_s123.json,"conda run -n swmm_gpu python ""E:\11.16\script2_new\scripts\train_privileged_teacher_student.py"" --student-monitors ""E:\11.16\script2_new\chapter5_layout_optimization\outputs\layouts\candidate_observability\monitor_nodes_candidate_observability_N5.json"" --teacher-subdir time_gated_full_ie_v4_formal_conservative420_seed42 --student-model-type hydraulic_inverse_deepattn --num-epochs 25 --lambda-kd 0 --lambda-active-kd 0 --split-mode scenario --seed 123 --output-tag ch5_core_candidate_observability_N5_scenario_s123",3,20,27,5.38,15.0,3,11.9,0.03111111111111111,,available,0.5883643242342225,0.3836065573770492,0.73224043715847,0.8710382513661202,0.5818965752376319,0.38368606701940045,0.7187447032685128,0.8698292448292447,63.0
two_stage_balanced_layout_v1,Two-stage v1,two_stage_balanced_layout_v1,5,7,scenario,E:\11.16\script2_new\chapter5_layout_optimization\outputs\layouts\two_stage_balanced_layout_v1\monitor_nodes_two_stage_balanced_layout_v1_N5.json,ch5_core_two_stage_balanced_layout_v1_N5_scenario_s7,E:\11.16\script2_new\outputs\reports\last_run_metrics_ch5_core_two_stage_balanced_layout_v1_N5_scenario_s7.json,"conda run -n swmm_gpu python ""E:\11.16\script2_new\scripts\train_privileged_teacher_student.py"" --student-monitors ""E:\11.16\script2_new\chapter5_layout_optimization\outputs\layouts\two_stage_balanced_layout_v1\monitor_nodes_two_stage_balanced_layout_v1_N5.json"" --teacher-subdir time_gated_full_ie_v4_formal_conservative420_seed42 --student-model-type hydraulic_inverse_deepattn --num-epochs 25 --lambda-kd 0 --lambda-active-kd 0 --split-mode scenario --seed 7 --output-tag ch5_core_two_stage_balanced_layout_v1_N5_scenario_s7",5,13,32,5.42,15.0,5,13.8,0.025,,available,0.39999246481137396,0.2923076923076923,0.442051282051282,0.47692307692307695,0.40706813331514885,0.2968324205688716,0.451536089476048,0.4880230675200837,63.0
two_stage_balanced_layout_v1,Two-stage v1,two_stage_balanced_layout_v1,5,42,scenario,E:\11.16\script2_new\chapter5_layout_optimization\outputs\layouts\two_stage_balanced_layout_v1\monitor_nodes_two_stage_balanced_layout_v1_N5.json,ch5_core_two_stage_balanced_layout_v1_N5_scenario_s42,E:\11.16\script2_new\outputs\reports\last_run_metrics_ch5_core_two_stage_balanced_layout_v1_N5_scenario_s42.json,"conda run -n swmm_gpu python ""E:\11.16\script2_new\scripts\train_privileged_teacher_student.py"" --student-monitors ""E:\11.16\script2_new\chapter5_layout_optimization\outputs\layouts\two_stage_balanced_layout_v1\monitor_nodes_two_stage_balanced_layout_v1_N5.json"" --teacher-subdir time_gated_full_ie_v4_formal_conservative420_seed42 --student-model-type hydraulic_inverse_deepattn --num-epochs 25 --lambda-kd 0 --lambda-active-kd 0 --split-mode scenario --seed 42 --output-tag ch5_core_two_stage_balanced_layout_v1_N5_scenario_s42",5,13,32,5.42,15.0,5,13.8,0.025,,missing,,,,,,,,,
two_stage_balanced_layout_v1,Two-stage v1,two_stage_balanced_layout_v1,5,123,scenario,E:\11.16\script2_new\chapter5_layout_optimization\outputs\layouts\two_stage_balanced_layout_v1\monitor_nodes_two_stage_balanced_layout_v1_N5.json,ch5_core_two_stage_balanced_layout_v1_N5_scenario_s123,E:\11.16\script2_new\outputs\reports\last_run_metrics_ch5_core_two_stage_balanced_layout_v1_N5_scenario_s123.json,"conda run -n swmm_gpu python ""E:\11.16\script2_new\scripts\train_privileged_teacher_student.py"" --student-monitors ""E:\11.16\script2_new\chapter5_layout_optimization\outputs\layouts\two_stage_balanced_layout_v1\monitor_nodes_two_stage_balanced_layout_v1_N5.json"" --teacher-subdir time_gated_full_ie_v4_formal_conservative420_seed42 --student-model-type hydraulic_inverse_deepattn --num-epochs 25 --lambda-kd 0 --lambda-active-kd 0 --split-mode scenario --seed 123 --output-tag ch5_core_two_stage_balanced_layout_v1_N5_scenario_s123",5,13,32,5.42,15.0,5,13.8,0.025,,missing,,,,,,,,,
v0_2_clean_scenario,v0_2 clean,learnable_layout_network_v0_2_clean_scenario,5,7,scenario,E:\11.16\script2_new\chapter5_layout_optimization\outputs\layout_stability\layout_files\v0_2_clean_scenario\N5\layout_seed_42\monitor_nodes_learnable_layout_network_v0_2_clean_scenario_N5_layoutseed42.json,ch5_core_v0_2_clean_scenario_N5_scenario_s7,E:\11.16\script2_new\outputs\reports\last_run_metrics_ch5_core_v0_2_clean_scenario_N5_scenario_s7.json,"conda run -n swmm_gpu python ""E:\11.16\script2_new\scripts\train_privileged_teacher_student.py"" --student-monitors ""E:\11.16\script2_new\chapter5_layout_optimization\outputs\layout_stability\layout_files\v0_2_clean_scenario\N5\layout_seed_42\monitor_nodes_learnable_layout_network_v0_2_clean_scenario_N5_layoutseed42.json"" --teacher-subdir time_gated_full_ie_v4_formal_conservative420_seed42 --student-model-type hydraulic_inverse_deepattn --num-epochs 25 --lambda-kd 0 --lambda-active-kd 0 --split-mode scenario --seed 7 --output-tag ch5_core_v0_2_clean_scenario_N5_scenario_s7",3,20,27,5.38,15.0,3,11.9,0.10625,6.71875,missing,,,,,,,,,
v0_2_clean_scenario,v0_2 clean,learnable_layout_network_v0_2_clean_scenario,5,42,scenario,E:\11.16\script2_new\chapter5_layout_optimization\outputs\layout_stability\layout_files\v0_2_clean_scenario\N5\layout_seed_42\monitor_nodes_learnable_layout_network_v0_2_clean_scenario_N5_layoutseed42.json,ch5_core_v0_2_clean_scenario_N5_scenario_s42,E:\11.16\script2_new\outputs\reports\last_run_metrics_ch5_core_v0_2_clean_scenario_N5_scenario_s42.json,"conda run -n swmm_gpu python ""E:\11.16\script2_new\scripts\train_privileged_teacher_student.py"" --student-monitors ""E:\11.16\script2_new\chapter5_layout_optimization\outputs\layout_stability\layout_files\v0_2_clean_scenario\N5\layout_seed_42\monitor_nodes_learnable_layout_network_v0_2_clean_scenario_N5_layoutseed42.json"" --teacher-subdir time_gated_full_ie_v4_formal_conservative420_seed42 --student-model-type hydraulic_inverse_deepattn --num-epochs 25 --lambda-kd 0 --lambda-active-kd 0 --split-mode scenario --seed 42 --output-tag ch5_core_v0_2_clean_scenario_N5_scenario_s42",3,20,27,5.38,15.0,3,11.9,0.10625,6.71875,missing,,,,,,,,,
v0_2_clean_scenario,v0_2 clean,learnable_layout_network_v0_2_clean_scenario,5,123,scenario,E:\11.16\script2_new\chapter5_layout_optimization\outputs\layout_stability\layout_files\v0_2_clean_scenario\N5\layout_seed_42\monitor_nodes_learnable_layout_network_v0_2_clean_scenario_N5_layoutseed42.json,ch5_core_v0_2_clean_scenario_N5_scenario_s123,E:\11.16\script2_new\outputs\reports\last_run_metrics_ch5_core_v0_2_clean_scenario_N5_scenario_s123.json,"conda run -n swmm_gpu python ""E:\11.16\script2_new\scripts\train_privileged_teacher_student.py"" --student-monitors ""E:\11.16\script2_new\chapter5_layout_optimization\outputs\layout_stability\layout_files\v0_2_clean_scenario\N5\layout_seed_42\monitor_nodes_learnable_layout_network_v0_2_clean_scenario_N5_layoutseed42.json"" --teacher-subdir time_gated_full_ie_v4_formal_conservative420_seed42 --student-model-type hydraulic_inverse_deepattn --num-epochs 25 --lambda-kd 0 --lambda-active-kd 0 --split-mode scenario --seed 123 --output-tag ch5_core_v0_2_clean_scenario_N5_scenario_s123",3,20,27,5.38,15.0,3,11.9,0.10625,6.71875,missing,,,,,,,,,
v2_2_clean_generalization,v2_2 clean,learnable_layout_network_v2_2_clean_generalization,5,7,scenario,E:\11.16\script2_new\chapter5_layout_optimization\outputs\layout_stability\layout_files\v2_2_clean_generalization\N5\layout_seed_42\monitor_nodes_learnable_layout_network_v2_2_clean_generalization_N5_layoutseed42.json,ch5_core_v2_2_clean_generalization_N5_scenario_s7,E:\11.16\script2_new\outputs\reports\last_run_metrics_ch5_core_v2_2_clean_generalization_N5_scenario_s7.json,"conda run -n swmm_gpu python ""E:\11.16\script2_new\scripts\train_privileged_teacher_student.py"" --student-monitors ""E:\11.16\script2_new\chapter5_layout_optimization\outputs\layout_stability\layout_files\v2_2_clean_generalization\N5\layout_seed_42\monitor_nodes_learnable_layout_network_v2_2_clean_generalization_N5_layoutseed42.json"" --teacher-subdir time_gated_full_ie_v4_formal_conservative420_seed42 --student-model-type hydraulic_inverse_deepattn --num-epochs 25 --lambda-kd 0 --lambda-active-kd 0 --split-mode scenario --seed 7 --output-tag ch5_core_v2_2_clean_generalization_N5_scenario_s7",2,20,28,5.4,15.0,2,13.4,0.07666666666666666,6.4453125,missing,,,,,,,,,
v2_2_clean_generalization,v2_2 clean,learnable_layout_network_v2_2_clean_generalization,5,42,scenario,E:\11.16\script2_new\chapter5_layout_optimization\outputs\layout_stability\layout_files\v2_2_clean_generalization\N5\layout_seed_42\monitor_nodes_learnable_layout_network_v2_2_clean_generalization_N5_layoutseed42.json,ch5_core_v2_2_clean_generalization_N5_scenario_s42,E:\11.16\script2_new\outputs\reports\last_run_metrics_ch5_core_v2_2_clean_generalization_N5_scenario_s42.json,"conda run -n swmm_gpu python ""E:\11.16\script2_new\scripts\train_privileged_teacher_student.py"" --student-monitors ""E:\11.16\script2_new\chapter5_layout_optimization\outputs\layout_stability\layout_files\v2_2_clean_generalization\N5\layout_seed_42\monitor_nodes_learnable_layout_network_v2_2_clean_generalization_N5_layoutseed42.json"" --teacher-subdir time_gated_full_ie_v4_formal_conservative420_seed42 --student-model-type hydraulic_inverse_deepattn --num-epochs 25 --lambda-kd 0 --lambda-active-kd 0 --split-mode scenario --seed 42 --output-tag ch5_core_v2_2_clean_generalization_N5_scenario_s42",2,20,28,5.4,15.0,2,13.4,0.07666666666666666,6.4453125,missing,,,,,,,,,
v2_2_clean_generalization,v2_2 clean,learnable_layout_network_v2_2_clean_generalization,5,123,scenario,E:\11.16\script2_new\chapter5_layout_optimization\outputs\layout_stability\layout_files\v2_2_clean_generalization\N5\layout_seed_42\monitor_nodes_learnable_layout_network_v2_2_clean_generalization_N5_layoutseed42.json,ch5_core_v2_2_clean_generalization_N5_scenario_s123,E:\11.16\script2_new\outputs\reports\last_run_metrics_ch5_core_v2_2_clean_generalization_N5_scenario_s123.json,"conda run -n swmm_gpu python ""E:\11.16\script2_new\scripts\train_privileged_teacher_student.py"" --student-monitors ""E:\11.16\script2_new\chapter5_layout_optimization\outputs\layout_stability\layout_files\v2_2_clean_generalization\N5\layout_seed_42\monitor_nodes_learnable_layout_network_v2_2_clean_generalization_N5_layoutseed42.json"" --teacher-subdir time_gated_full_ie_v4_formal_conservative420_seed42 --student-model-type hydraulic_inverse_deepattn --num-epochs 25 --lambda-kd 0 --lambda-active-kd 0 --split-mode scenario --seed 123 --output-tag ch5_core_v2_2_clean_generalization_N5_scenario_s123",2,20,28,5.4,15.0,2,13.4,0.07666666666666666,6.4453125,missing,,,,,,,,,
degree,Degree,degree,10,7,scenario,E:\11.16\script2_new\chapter5_layout_optimization\outputs\layouts\degree\monitor_nodes_degree_N10.json,ch5_core_degree_N10_scenario_s7,E:\11.16\script2_new\outputs\reports\last_run_metrics_ch5_core_degree_N10_scenario_s7.json,"conda run -n swmm_gpu python ""E:\11.16\script2_new\scripts\train_privileged_teacher_student.py"" --student-monitors ""E:\11.16\script2_new\chapter5_layout_optimization\outputs\layouts\degree\monitor_nodes_degree_N10.json"" --teacher-subdir time_gated_full_ie_v4_formal_conservative420_seed42 --student-model-type hydraulic_inverse_deepattn --num-epochs 25 --lambda-kd 0 --lambda-active-kd 0 --split-mode scenario --seed 7 --output-tag ch5_core_degree_N10_scenario_s7",6,17,27,5.1,15.0,6,9.622222222222222,0.06710758377425044,,missing,,,,,,,,,
degree,Degree,degree,10,42,scenario,E:\11.16\script2_new\chapter5_layout_optimization\outputs\layouts\degree\monitor_nodes_degree_N10.json,ch5_core_degree_N10_scenario_s42,E:\11.16\script2_new\outputs\reports\last_run_metrics_ch5_core_degree_N10_scenario_s42.json,"conda run -n swmm_gpu python ""E:\11.16\script2_new\scripts\train_privileged_teacher_student.py"" --student-monitors ""E:\11.16\script2_new\chapter5_layout_optimization\outputs\layouts\degree\monitor_nodes_degree_N10.json"" --teacher-subdir time_gated_full_ie_v4_formal_conservative420_seed42 --student-model-type hydraulic_inverse_deepattn --num-epochs 25 --lambda-kd 0 --lambda-active-kd 0 --split-mode scenario --seed 42 --output-tag ch5_core_degree_N10_scenario_s42",6,17,27,5.1,15.0,6,9.622222222222222,0.06710758377425044,,missing,,,,,,,,,
degree,Degree,degree,10,123,scenario,E:\11.16\script2_new\chapter5_layout_optimization\outputs\layouts\degree\monitor_nodes_degree_N10.json,ch5_core_degree_N10_scenario_s123,E:\11.16\script2_new\outputs\reports\last_run_metrics_ch5_core_degree_N10_scenario_s123.json,"conda run -n swmm_gpu python ""E:\11.16\script2_new\scripts\train_privileged_teacher_student.py"" --student-monitors ""E:\11.16\script2_new\chapter5_layout_optimization\outputs\layouts\degree\monitor_nodes_degree_N10.json"" --teacher-subdir time_gated_full_ie_v4_formal_conservative420_seed42 --student-model-type hydraulic_inverse_deepattn --num-epochs 25 --lambda-kd 0 --lambda-active-kd 0 --split-mode scenario --seed 123 --output-tag ch5_core_degree_N10_scenario_s123",6,17,27,5.1,15.0,6,9.622222222222222,0.06710758377425044,,missing,,,,,,,,,
candidate_observability,Cand-Obs,candidate_observability,10,7,scenario,E:\11.16\script2_new\chapter5_layout_optimization\outputs\layouts\candidate_observability\monitor_nodes_candidate_observability_N10.json,ch5_core_candidate_observability_N10_scenario_s7,E:\11.16\script2_new\outputs\reports\last_run_metrics_ch5_core_candidate_observability_N10_scenario_s7.json,"conda run -n swmm_gpu python ""E:\11.16\script2_new\scripts\train_privileged_teacher_student.py"" --student-monitors ""E:\11.16\script2_new\chapter5_layout_optimization\outputs\layouts\candidate_observability\monitor_nodes_candidate_observability_N10.json"" --teacher-subdir time_gated_full_ie_v4_formal_conservative420_seed42 --student-model-type hydraulic_inverse_deepattn --num-epochs 25 --lambda-kd 0 --lambda-active-kd 0 --split-mode scenario --seed 7 --output-tag ch5_core_candidate_observability_N10_scenario_s7",6,30,14,2.36,9.0,6,12.488888888888889,0.008641975308641974,,missing,,,,,,,,,
candidate_observability,Cand-Obs,candidate_observability,10,42,scenario,E:\11.16\script2_new\chapter5_layout_optimization\outputs\layouts\candidate_observability\monitor_nodes_candidate_observability_N10.json,ch5_core_candidate_observability_N10_scenario_s42,E:\11.16\script2_new\outputs\reports\last_run_metrics_ch5_core_candidate_observability_N10_scenario_s42.json,"conda run -n swmm_gpu python ""E:\11.16\script2_new\scripts\train_privileged_teacher_student.py"" --student-monitors ""E:\11.16\script2_new\chapter5_layout_optimization\outputs\layouts\candidate_observability\monitor_nodes_candidate_observability_N10.json"" --teacher-subdir time_gated_full_ie_v4_formal_conservative420_seed42 --student-model-type hydraulic_inverse_deepattn --num-epochs 25 --lambda-kd 0 --lambda-active-kd 0 --split-mode scenario --seed 42 --output-tag ch5_core_candidate_observability_N10_scenario_s42",6,30,14,2.36,9.0,6,12.488888888888889,0.008641975308641974,,missing,,,,,,,,,
candidate_observability,Cand-Obs,candidate_observability,10,123,scenario,E:\11.16\script2_new\chapter5_layout_optimization\outputs\layouts\candidate_observability\monitor_nodes_candidate_observability_N10.json,ch5_core_candidate_observability_N10_scenario_s123,E:\11.16\script2_new\outputs\reports\last_run_metrics_ch5_core_candidate_observability_N10_scenario_s123.json,"conda run -n swmm_gpu python ""E:\11.16\script2_new\scripts\train_privileged_teacher_student.py"" --student-monitors ""E:\11.16\script2_new\chapter5_layout_optimization\outputs\layouts\candidate_observability\monitor_nodes_candidate_observability_N10.json"" --teacher-subdir time_gated_full_ie_v4_formal_conservative420_seed42 --student-model-type hydraulic_inverse_deepattn --num-epochs 25 --lambda-kd 0 --lambda-active-kd 0 --split-mode scenario --seed 123 --output-tag ch5_core_candidate_observability_N10_scenario_s123",6,30,14,2.36,9.0,6,12.488888888888889,0.008641975308641974,,missing,,,,,,,,,
two_stage_balanced_layout_v1,Two-stage v1,two_stage_balanced_layout_v1,10,7,scenario,E:\11.16\script2_new\chapter5_layout_optimization\outputs\layouts\two_stage_balanced_layout_v1\monitor_nodes_two_stage_balanced_layout_v1_N10.json,ch5_core_two_stage_balanced_layout_v1_N10_scenario_s7,E:\11.16\script2_new\outputs\reports\last_run_metrics_ch5_core_two_stage_balanced_layout_v1_N10_scenario_s7.json,"conda run -n swmm_gpu python ""E:\11.16\script2_new\scripts\train_privileged_teacher_student.py"" --student-monitors ""E:\11.16\script2_new\chapter5_layout_optimization\outputs\layouts\two_stage_balanced_layout_v1\monitor_nodes_two_stage_balanced_layout_v1_N10.json"" --teacher-subdir time_gated_full_ie_v4_formal_conservative420_seed42 --student-model-type hydraulic_inverse_deepattn --num-epochs 25 --lambda-kd 0 --lambda-active-kd 0 --split-mode scenario --seed 7 --output-tag ch5_core_two_stage_balanced_layout_v1_N10_scenario_s7",8,21,21,3.08,15.0,8,12.844444444444445,0.008024691358024692,,missing,,,,,,,,,
two_stage_balanced_layout_v1,Two-stage v1,two_stage_balanced_layout_v1,10,42,scenario,E:\11.16\script2_new\chapter5_layout_optimization\outputs\layouts\two_stage_balanced_layout_v1\monitor_nodes_two_stage_balanced_layout_v1_N10.json,ch5_core_two_stage_balanced_layout_v1_N10_scenario_s42,E:\11.16\script2_new\outputs\reports\last_run_metrics_ch5_core_two_stage_balanced_layout_v1_N10_scenario_s42.json,"conda run -n swmm_gpu python ""E:\11.16\script2_new\scripts\train_privileged_teacher_student.py"" --student-monitors ""E:\11.16\script2_new\chapter5_layout_optimization\outputs\layouts\two_stage_balanced_layout_v1\monitor_nodes_two_stage_balanced_layout_v1_N10.json"" --teacher-subdir time_gated_full_ie_v4_formal_conservative420_seed42 --student-model-type hydraulic_inverse_deepattn --num-epochs 25 --lambda-kd 0 --lambda-active-kd 0 --split-mode scenario --seed 42 --output-tag ch5_core_two_stage_balanced_layout_v1_N10_scenario_s42",8,21,21,3.08,15.0,8,12.844444444444445,0.008024691358024692,,missing,,,,,,,,,
two_stage_balanced_layout_v1,Two-stage v1,two_stage_balanced_layout_v1,10,123,scenario,E:\11.16\script2_new\chapter5_layout_optimization\outputs\layouts\two_stage_balanced_layout_v1\monitor_nodes_two_stage_balanced_layout_v1_N10.json,ch5_core_two_stage_balanced_layout_v1_N10_scenario_s123,E:\11.16\script2_new\outputs\reports\last_run_metrics_ch5_core_two_stage_balanced_layout_v1_N10_scenario_s123.json,"conda run -n swmm_gpu python ""E:\11.16\script2_new\scripts\train_privileged_teacher_student.py"" --student-monitors ""E:\11.16\script2_new\chapter5_layout_optimization\outputs\layouts\two_stage_balanced_layout_v1\monitor_nodes_two_stage_balanced_layout_v1_N10.json"" --teacher-subdir time_gated_full_ie_v4_formal_conservative420_seed42 --student-model-type hydraulic_inverse_deepattn --num-epochs 25 --lambda-kd 0 --lambda-active-kd 0 --split-mode scenario --seed 123 --output-tag ch5_core_two_stage_balanced_layout_v1_N10_scenario_s123",8,21,21,3.08,15.0,8,12.844444444444445,0.008024691358024692,,missing,,,,,,,,,
v0_2_clean_scenario,v0_2 clean,learnable_layout_network_v0_2_clean_scenario,10,7,scenario,E:\11.16\script2_new\chapter5_layout_optimization\outputs\layout_stability\layout_files\v0_2_clean_scenario\N10\layout_seed_42\monitor_nodes_learnable_layout_network_v0_2_clean_scenario_N10_layoutseed42.json,ch5_core_v0_2_clean_scenario_N10_scenario_s7,E:\11.16\script2_new\outputs\reports\last_run_metrics_ch5_core_v0_2_clean_scenario_N10_scenario_s7.json,"conda run -n swmm_gpu python ""E:\11.16\script2_new\scripts\train_privileged_teacher_student.py"" --student-monitors ""E:\11.16\script2_new\chapter5_layout_optimization\outputs\layout_stability\layout_files\v0_2_clean_scenario\N10\layout_seed_42\monitor_nodes_learnable_layout_network_v0_2_clean_scenario_N10_layoutseed42.json"" --teacher-subdir time_gated_full_ie_v4_formal_conservative420_seed42 --student-model-type hydraulic_inverse_deepattn --num-epochs 25 --lambda-kd 0 --lambda-active-kd 0 --split-mode scenario --seed 7 --output-tag ch5_core_v0_2_clean_scenario_N10_scenario_s7",6,29,15,2.68,15.0,6,13.0,0.0804417187750521,3.265625,missing,,,,,,,,,
v0_2_clean_scenario,v0_2 clean,learnable_layout_network_v0_2_clean_scenario,10,42,scenario,E:\11.16\script2_new\chapter5_layout_optimization\outputs\layout_stability\layout_files\v0_2_clean_scenario\N10\layout_seed_42\monitor_nodes_learnable_layout_network_v0_2_clean_scenario_N10_layoutseed42.json,ch5_core_v0_2_clean_scenario_N10_scenario_s42,E:\11.16\script2_new\outputs\reports\last_run_metrics_ch5_core_v0_2_clean_scenario_N10_scenario_s42.json,"conda run -n swmm_gpu python ""E:\11.16\script2_new\scripts\train_privileged_teacher_student.py"" --student-monitors ""E:\11.16\script2_new\chapter5_layout_optimization\outputs\layout_stability\layout_files\v0_2_clean_scenario\N10\layout_seed_42\monitor_nodes_learnable_layout_network_v0_2_clean_scenario_N10_layoutseed42.json"" --teacher-subdir time_gated_full_ie_v4_formal_conservative420_seed42 --student-model-type hydraulic_inverse_deepattn --num-epochs 25 --lambda-kd 0 --lambda-active-kd 0 --split-mode scenario --seed 42 --output-tag ch5_core_v0_2_clean_scenario_N10_scenario_s42",6,29,15,2.68,15.0,6,13.0,0.0804417187750521,3.265625,missing,,,,,,,,,
v0_2_clean_scenario,v0_2 clean,learnable_layout_network_v0_2_clean_scenario,10,123,scenario,E:\11.16\script2_new\chapter5_layout_optimization\outputs\layout_stability\layout_files\v0_2_clean_scenario\N10\layout_seed_42\monitor_nodes_learnable_layout_network_v0_2_clean_scenario_N10_layoutseed42.json,ch5_core_v0_2_clean_scenario_N10_scenario_s123,E:\11.16\script2_new\outputs\reports\last_run_metrics_ch5_core_v0_2_clean_scenario_N10_scenario_s123.json,"conda run -n swmm_gpu python ""E:\11.16\script2_new\scripts\train_privileged_teacher_student.py"" --student-monitors ""E:\11.16\script2_new\chapter5_layout_optimization\outputs\layout_stability\layout_files\v0_2_clean_scenario\N10\layout_seed_42\monitor_nodes_learnable_layout_network_v0_2_clean_scenario_N10_layoutseed42.json"" --teacher-subdir time_gated_full_ie_v4_formal_conservative420_seed42 --student-model-type hydraulic_inverse_deepattn --num-epochs 25 --lambda-kd 0 --lambda-active-kd 0 --split-mode scenario --seed 123 --output-tag ch5_core_v0_2_clean_scenario_N10_scenario_s123",6,29,15,2.68,15.0,6,13.0,0.0804417187750521,3.265625,missing,,,,,,,,,
v2_2_clean_generalization,v2_2 clean,learnable_layout_network_v2_2_clean_generalization,10,7,scenario,E:\11.16\script2_new\chapter5_layout_optimization\outputs\layout_stability\layout_files\v2_2_clean_generalization\N10\layout_seed_42\monitor_nodes_learnable_layout_network_v2_2_clean_generalization_N10_layoutseed42.json,ch5_core_v2_2_clean_generalization_N10_scenario_s7,E:\11.16\script2_new\outputs\reports\last_run_metrics_ch5_core_v2_2_clean_generalization_N10_scenario_s7.json,"conda run -n swmm_gpu python ""E:\11.16\script2_new\scripts\train_privileged_teacher_student.py"" --student-monitors ""E:\11.16\script2_new\chapter5_layout_optimization\outputs\layout_stability\layout_files\v2_2_clean_generalization\N10\layout_seed_42\monitor_nodes_learnable_layout_network_v2_2_clean_generalization_N10_layoutseed42.json"" --teacher-subdir time_gated_full_ie_v4_formal_conservative420_seed42 --student-model-type hydraulic_inverse_deepattn --num-epochs 25 --lambda-kd 0 --lambda-active-kd 0 --split-mode scenario --seed 7 --output-tag ch5_core_v2_2_clean_generalization_N10_scenario_s7",5,29,16,2.32,9.0,5,12.666666666666666,0.08989417989417989,3.1796875,missing,,,,,,,,,
v2_2_clean_generalization,v2_2 clean,learnable_layout_network_v2_2_clean_generalization,10,42,scenario,E:\11.16\script2_new\chapter5_layout_optimization\outputs\layout_stability\layout_files\v2_2_clean_generalization\N10\layout_seed_42\monitor_nodes_learnable_layout_network_v2_2_clean_generalization_N10_layoutseed42.json,ch5_core_v2_2_clean_generalization_N10_scenario_s42,E:\11.16\script2_new\outputs\reports\last_run_metrics_ch5_core_v2_2_clean_generalization_N10_scenario_s42.json,"conda run -n swmm_gpu python ""E:\11.16\script2_new\scripts\train_privileged_teacher_student.py"" --student-monitors ""E:\11.16\script2_new\chapter5_layout_optimization\outputs\layout_stability\layout_files\v2_2_clean_generalization\N10\layout_seed_42\monitor_nodes_learnable_layout_network_v2_2_clean_generalization_N10_layoutseed42.json"" --teacher-subdir time_gated_full_ie_v4_formal_conservative420_seed42 --student-model-type hydraulic_inverse_deepattn --num-epochs 25 --lambda-kd 0 --lambda-active-kd 0 --split-mode scenario --seed 42 --output-tag ch5_core_v2_2_clean_generalization_N10_scenario_s42",5,29,16,2.32,9.0,5,12.666666666666666,0.08989417989417989,3.1796875,missing,,,,,,,,,
v2_2_clean_generalization,v2_2 clean,learnable_layout_network_v2_2_clean_generalization,10,123,scenario,E:\11.16\script2_new\chapter5_layout_optimization\outputs\layout_stability\layout_files\v2_2_clean_generalization\N10\layout_seed_42\monitor_nodes_learnable_layout_network_v2_2_clean_generalization_N10_layoutseed42.json,ch5_core_v2_2_clean_generalization_N10_scenario_s123,E:\11.16\script2_new\outputs\reports\last_run_metrics_ch5_core_v2_2_clean_generalization_N10_scenario_s123.json,"conda run -n swmm_gpu python ""E:\11.16\script2_new\scripts\train_privileged_teacher_student.py"" --student-monitors ""E:\11.16\script2_new\chapter5_layout_optimization\outputs\layout_stability\layout_files\v2_2_clean_generalization\N10\layout_seed_42\monitor_nodes_learnable_layout_network_v2_2_clean_generalization_N10_layoutseed42.json"" --teacher-subdir time_gated_full_ie_v4_formal_conservative420_seed42 --student-model-type hydraulic_inverse_deepattn --num-epochs 25 --lambda-kd 0 --lambda-active-kd 0 --split-mode scenario --seed 123 --output-tag ch5_core_v2_2_clean_generalization_N10_scenario_s123",5,29,16,2.32,9.0,5,12.666666666666666,0.08989417989417989,3.1796875,missing,,,,,,,,,
degree,Degree,degree,15,7,scenario,E:\11.16\script2_new\chapter5_layout_optimization\outputs\layouts\degree\monitor_nodes_degree_N15.json,ch5_core_degree_N15_scenario_s7,E:\11.16\script2_new\outputs\reports\last_run_metrics_ch5_core_degree_N15_scenario_s7.json,"conda run -n swmm_gpu python ""E:\11.16\script2_new\scripts\train_privileged_teacher_student.py"" --student-monitors ""E:\11.16\script2_new\chapter5_layout_optimization\outputs\layouts\degree\monitor_nodes_degree_N15.json"" --teacher-subdir time_gated_full_ie_v4_formal_conservative420_seed42 --student-model-type hydraulic_inverse_deepattn --num-epochs 25 --lambda-kd 0 --lambda-active-kd 0 --split-mode scenario --seed 7 --output-tag ch5_core_degree_N15_scenario_s7",8,19,23,3.9,15.0,8,9.647619047619047,0.08932350718065003,,missing,,,,,,,,,
degree,Degree,degree,15,42,scenario,E:\11.16\script2_new\chapter5_layout_optimization\outputs\layouts\degree\monitor_nodes_degree_N15.json,ch5_core_degree_N15_scenario_s42,E:\11.16\script2_new\outputs\reports\last_run_metrics_ch5_core_degree_N15_scenario_s42.json,"conda run -n swmm_gpu python ""E:\11.16\script2_new\scripts\train_privileged_teacher_student.py"" --student-monitors ""E:\11.16\script2_new\chapter5_layout_optimization\outputs\layouts\degree\monitor_nodes_degree_N15.json"" --teacher-subdir time_gated_full_ie_v4_formal_conservative420_seed42 --student-model-type hydraulic_inverse_deepattn --num-epochs 25 --lambda-kd 0 --lambda-active-kd 0 --split-mode scenario --seed 42 --output-tag ch5_core_degree_N15_scenario_s42",8,19,23,3.9,15.0,8,9.647619047619047,0.08932350718065003,,missing,,,,,,,,,
degree,Degree,degree,15,123,scenario,E:\11.16\script2_new\chapter5_layout_optimization\outputs\layouts\degree\monitor_nodes_degree_N15.json,ch5_core_degree_N15_scenario_s123,E:\11.16\script2_new\outputs\reports\last_run_metrics_ch5_core_degree_N15_scenario_s123.json,"conda run -n swmm_gpu python ""E:\11.16\script2_new\scripts\train_privileged_teacher_student.py"" --student-monitors ""E:\11.16\script2_new\chapter5_layout_optimization\outputs\layouts\degree\monitor_nodes_degree_N15.json"" --teacher-subdir time_gated_full_ie_v4_formal_conservative420_seed42 --student-model-type hydraulic_inverse_deepattn --num-epochs 25 --lambda-kd 0 --lambda-active-kd 0 --split-mode scenario --seed 123 --output-tag ch5_core_degree_N15_scenario_s123",8,19,23,3.9,15.0,8,9.647619047619047,0.08932350718065003,,missing,,,,,,,,,
candidate_observability,Cand-Obs,candidate_observability,15,7,scenario,E:\11.16\script2_new\chapter5_layout_optimization\outputs\layouts\candidate_observability\monitor_nodes_candidate_observability_N15.json,ch5_core_candidate_observability_N15_scenario_s7,E:\11.16\script2_new\outputs\reports\last_run_metrics_ch5_core_candidate_observability_N15_scenario_s7.json,"conda run -n swmm_gpu python ""E:\11.16\script2_new\scripts\train_privileged_teacher_student.py"" --student-monitors ""E:\11.16\script2_new\chapter5_layout_optimization\outputs\layouts\candidate_observability\monitor_nodes_candidate_observability_N15.json"" --teacher-subdir time_gated_full_ie_v4_formal_conservative420_seed42 --student-model-type hydraulic_inverse_deepattn --num-epochs 25 --lambda-kd 0 --lambda-active-kd 0 --split-mode scenario --seed 7 --output-tag ch5_core_candidate_observability_N15_scenario_s7",9,33,8,1.52,5.0,9,13.095238095238095,0.010748299319727891,,missing,,,,,,,,,
candidate_observability,Cand-Obs,candidate_observability,15,42,scenario,E:\11.16\script2_new\chapter5_layout_optimization\outputs\layouts\candidate_observability\monitor_nodes_candidate_observability_N15.json,ch5_core_candidate_observability_N15_scenario_s42,E:\11.16\script2_new\outputs\reports\last_run_metrics_ch5_core_candidate_observability_N15_scenario_s42.json,"conda run -n swmm_gpu python ""E:\11.16\script2_new\scripts\train_privileged_teacher_student.py"" --student-monitors ""E:\11.16\script2_new\chapter5_layout_optimization\outputs\layouts\candidate_observability\monitor_nodes_candidate_observability_N15.json"" --teacher-subdir time_gated_full_ie_v4_formal_conservative420_seed42 --student-model-type hydraulic_inverse_deepattn --num-epochs 25 --lambda-kd 0 --lambda-active-kd 0 --split-mode scenario --seed 42 --output-tag ch5_core_candidate_observability_N15_scenario_s42",9,33,8,1.52,5.0,9,13.095238095238095,0.010748299319727891,,missing,,,,,,,,,
candidate_observability,Cand-Obs,candidate_observability,15,123,scenario,E:\11.16\script2_new\chapter5_layout_optimization\outputs\layouts\candidate_observability\monitor_nodes_candidate_observability_N15.json,ch5_core_candidate_observability_N15_scenario_s123,E:\11.16\script2_new\outputs\reports\last_run_metrics_ch5_core_candidate_observability_N15_scenario_s123.json,"conda run -n swmm_gpu python ""E:\11.16\script2_new\scripts\train_privileged_teacher_student.py"" --student-monitors ""E:\11.16\script2_new\chapter5_layout_optimization\outputs\layouts\candidate_observability\monitor_nodes_candidate_observability_N15.json"" --teacher-subdir time_gated_full_ie_v4_formal_conservative420_seed42 --student-model-type hydraulic_inverse_deepattn --num-epochs 25 --lambda-kd 0 --lambda-active-kd 0 --split-mode scenario --seed 123 --output-tag ch5_core_candidate_observability_N15_scenario_s123",9,33,8,1.52,5.0,9,13.095238095238095,0.010748299319727891,,missing,,,,,,,,,
two_stage_balanced_layout_v1,Two-stage v1,two_stage_balanced_layout_v1,15,7,scenario,E:\11.16\script2_new\chapter5_layout_optimization\outputs\layouts\two_stage_balanced_layout_v1\monitor_nodes_two_stage_balanced_layout_v1_N15.json,ch5_core_two_stage_balanced_layout_v1_N15_scenario_s7,E:\11.16\script2_new\outputs\reports\last_run_metrics_ch5_core_two_stage_balanced_layout_v1_N15_scenario_s7.json,"conda run -n swmm_gpu python ""E:\11.16\script2_new\scripts\train_privileged_teacher_student.py"" --student-monitors ""E:\11.16\script2_new\chapter5_layout_optimization\outputs\layouts\two_stage_balanced_layout_v1\monitor_nodes_two_stage_balanced_layout_v1_N15.json"" --teacher-subdir time_gated_full_ie_v4_formal_conservative420_seed42 --student-model-type hydraulic_inverse_deepattn --num-epochs 25 --lambda-kd 0 --lambda-active-kd 0 --split-mode scenario --seed 7 --output-tag ch5_core_two_stage_balanced_layout_v1_N15_scenario_s7",11,28,11,1.88,10.0,11,13.4,0.010105820105820106,,missing,,,,,,,,,
two_stage_balanced_layout_v1,Two-stage v1,two_stage_balanced_layout_v1,15,42,scenario,E:\11.16\script2_new\chapter5_layout_optimization\outputs\layouts\two_stage_balanced_layout_v1\monitor_nodes_two_stage_balanced_layout_v1_N15.json,ch5_core_two_stage_balanced_layout_v1_N15_scenario_s42,E:\11.16\script2_new\outputs\reports\last_run_metrics_ch5_core_two_stage_balanced_layout_v1_N15_scenario_s42.json,"conda run -n swmm_gpu python ""E:\11.16\script2_new\scripts\train_privileged_teacher_student.py"" --student-monitors ""E:\11.16\script2_new\chapter5_layout_optimization\outputs\layouts\two_stage_balanced_layout_v1\monitor_nodes_two_stage_balanced_layout_v1_N15.json"" --teacher-subdir time_gated_full_ie_v4_formal_conservative420_seed42 --student-model-type hydraulic_inverse_deepattn --num-epochs 25 --lambda-kd 0 --lambda-active-kd 0 --split-mode scenario --seed 42 --output-tag ch5_core_two_stage_balanced_layout_v1_N15_scenario_s42",11,28,11,1.88,10.0,11,13.4,0.010105820105820106,,missing,,,,,,,,,
two_stage_balanced_layout_v1,Two-stage v1,two_stage_balanced_layout_v1,15,123,scenario,E:\11.16\script2_new\chapter5_layout_optimization\outputs\layouts\two_stage_balanced_layout_v1\monitor_nodes_two_stage_balanced_layout_v1_N15.json,ch5_core_two_stage_balanced_layout_v1_N15_scenario_s123,E:\11.16\script2_new\outputs\reports\last_run_metrics_ch5_core_two_stage_balanced_layout_v1_N15_scenario_s123.json,"conda run -n swmm_gpu python ""E:\11.16\script2_new\scripts\train_privileged_teacher_student.py"" --student-monitors ""E:\11.16\script2_new\chapter5_layout_optimization\outputs\layouts\two_stage_balanced_layout_v1\monitor_nodes_two_stage_balanced_layout_v1_N15.json"" --teacher-subdir time_gated_full_ie_v4_formal_conservative420_seed42 --student-model-type hydraulic_inverse_deepattn --num-epochs 25 --lambda-kd 0 --lambda-active-kd 0 --split-mode scenario --seed 123 --output-tag ch5_core_two_stage_balanced_layout_v1_N15_scenario_s123",11,28,11,1.88,10.0,11,13.4,0.010105820105820106,,missing,,,,,,,,,
v0_2_clean_scenario,v0_2 clean,learnable_layout_network_v0_2_clean_scenario,15,7,scenario,E:\11.16\script2_new\chapter5_layout_optimization\outputs\layout_stability\layout_files\v0_2_clean_scenario\N15\layout_seed_42\monitor_nodes_learnable_layout_network_v0_2_clean_scenario_N15_layoutseed42.json,ch5_core_v0_2_clean_scenario_N15_scenario_s7,E:\11.16\script2_new\outputs\reports\last_run_metrics_ch5_core_v0_2_clean_scenario_N15_scenario_s7.json,"conda run -n swmm_gpu python ""E:\11.16\script2_new\scripts\train_privileged_teacher_student.py"" --student-monitors ""E:\11.16\script2_new\chapter5_layout_optimization\outputs\layout_stability\layout_files\v0_2_clean_scenario\N15\layout_seed_42\monitor_nodes_learnable_layout_network_v0_2_clean_scenario_N15_layoutseed42.json"" --teacher-subdir time_gated_full_ie_v4_formal_conservative420_seed42 --student-model-type hydraulic_inverse_deepattn --num-epochs 25 --lambda-kd 0 --lambda-active-kd 0 --split-mode scenario --seed 7 --output-tag ch5_core_v0_2_clean_scenario_N15_scenario_s7",9,33,8,1.52,5.0,9,13.038095238095238,0.08221758400329829,2.0546875,missing,,,,,,,,,
v0_2_clean_scenario,v0_2 clean,learnable_layout_network_v0_2_clean_scenario,15,42,scenario,E:\11.16\script2_new\chapter5_layout_optimization\outputs\layout_stability\layout_files\v0_2_clean_scenario\N15\layout_seed_42\monitor_nodes_learnable_layout_network_v0_2_clean_scenario_N15_layoutseed42.json,ch5_core_v0_2_clean_scenario_N15_scenario_s42,E:\11.16\script2_new\outputs\reports\last_run_metrics_ch5_core_v0_2_clean_scenario_N15_scenario_s42.json,"conda run -n swmm_gpu python ""E:\11.16\script2_new\scripts\train_privileged_teacher_student.py"" --student-monitors ""E:\11.16\script2_new\chapter5_layout_optimization\outputs\layout_stability\layout_files\v0_2_clean_scenario\N15\layout_seed_42\monitor_nodes_learnable_layout_network_v0_2_clean_scenario_N15_layoutseed42.json"" --teacher-subdir time_gated_full_ie_v4_formal_conservative420_seed42 --student-model-type hydraulic_inverse_deepattn --num-epochs 25 --lambda-kd 0 --lambda-active-kd 0 --split-mode scenario --seed 42 --output-tag ch5_core_v0_2_clean_scenario_N15_scenario_s42",9,33,8,1.52,5.0,9,13.038095238095238,0.08221758400329829,2.0546875,missing,,,,,,,,,
v0_2_clean_scenario,v0_2 clean,learnable_layout_network_v0_2_clean_scenario,15,123,scenario,E:\11.16\script2_new\chapter5_layout_optimization\outputs\layout_stability\layout_files\v0_2_clean_scenario\N15\layout_seed_42\monitor_nodes_learnable_layout_network_v0_2_clean_scenario_N15_layoutseed42.json,ch5_core_v0_2_clean_scenario_N15_scenario_s123,E:\11.16\script2_new\outputs\reports\last_run_metrics_ch5_core_v0_2_clean_scenario_N15_scenario_s123.json,"conda run -n swmm_gpu python ""E:\11.16\script2_new\scripts\train_privileged_teacher_student.py"" --student-monitors ""E:\11.16\script2_new\chapter5_layout_optimization\outputs\layout_stability\layout_files\v0_2_clean_scenario\N15\layout_seed_42\monitor_nodes_learnable_layout_network_v0_2_clean_scenario_N15_layoutseed42.json"" --teacher-subdir time_gated_full_ie_v4_formal_conservative420_seed42 --student-model-type hydraulic_inverse_deepattn --num-epochs 25 --lambda-kd 0 --lambda-active-kd 0 --split-mode scenario --seed 123 --output-tag ch5_core_v0_2_clean_scenario_N15_scenario_s123",9,33,8,1.52,5.0,9,13.038095238095238,0.08221758400329829,2.0546875,missing,,,,,,,,,
v2_2_clean_generalization,v2_2 clean,learnable_layout_network_v2_2_clean_generalization,15,7,scenario,E:\11.16\script2_new\chapter5_layout_optimization\outputs\layout_stability\layout_files\v2_2_clean_generalization\N15\layout_seed_42\monitor_nodes_learnable_layout_network_v2_2_clean_generalization_N15_layoutseed42.json,ch5_core_v2_2_clean_generalization_N15_scenario_s7,E:\11.16\script2_new\outputs\reports\last_run_metrics_ch5_core_v2_2_clean_generalization_N15_scenario_s7.json,"conda run -n swmm_gpu python ""E:\11.16\script2_new\scripts\train_privileged_teacher_student.py"" --student-monitors ""E:\11.16\script2_new\chapter5_layout_optimization\outputs\layout_stability\layout_files\v2_2_clean_generalization\N15\layout_seed_42\monitor_nodes_learnable_layout_network_v2_2_clean_generalization_N15_layoutseed42.json"" --teacher-subdir time_gated_full_ie_v4_formal_conservative420_seed42 --student-model-type hydraulic_inverse_deepattn --num-epochs 25 --lambda-kd 0 --lambda-active-kd 0 --split-mode scenario --seed 7 --output-tag ch5_core_v2_2_clean_generalization_N15_scenario_s7",7,34,9,1.68,6.0,7,13.142857142857142,0.08051432694289835,2.109375,missing,,,,,,,,,
v2_2_clean_generalization,v2_2 clean,learnable_layout_network_v2_2_clean_generalization,15,42,scenario,E:\11.16\script2_new\chapter5_layout_optimization\outputs\layout_stability\layout_files\v2_2_clean_generalization\N15\layout_seed_42\monitor_nodes_learnable_layout_network_v2_2_clean_generalization_N15_layoutseed42.json,ch5_core_v2_2_clean_generalization_N15_scenario_s42,E:\11.16\script2_new\outputs\reports\last_run_metrics_ch5_core_v2_2_clean_generalization_N15_scenario_s42.json,"conda run -n swmm_gpu python ""E:\11.16\script2_new\scripts\train_privileged_teacher_student.py"" --student-monitors ""E:\11.16\script2_new\chapter5_layout_optimization\outputs\layout_stability\layout_files\v2_2_clean_generalization\N15\layout_seed_42\monitor_nodes_learnable_layout_network_v2_2_clean_generalization_N15_layoutseed42.json"" --teacher-subdir time_gated_full_ie_v4_formal_conservative420_seed42 --student-model-type hydraulic_inverse_deepattn --num-epochs 25 --lambda-kd 0 --lambda-active-kd 0 --split-mode scenario --seed 42 --output-tag ch5_core_v2_2_clean_generalization_N15_scenario_s42",7,34,9,1.68,6.0,7,13.142857142857142,0.08051432694289835,2.109375,missing,,,,,,,,,
v2_2_clean_generalization,v2_2 clean,learnable_layout_network_v2_2_clean_generalization,15,123,scenario,E:\11.16\script2_new\chapter5_layout_optimization\outputs\layout_stability\layout_files\v2_2_clean_generalization\N15\layout_seed_42\monitor_nodes_learnable_layout_network_v2_2_clean_generalization_N15_layoutseed42.json,ch5_core_v2_2_clean_generalization_N15_scenario_s123,E:\11.16\script2_new\outputs\reports\last_run_metrics_ch5_core_v2_2_clean_generalization_N15_scenario_s123.json,"conda run -n swmm_gpu python ""E:\11.16\script2_new\scripts\train_privileged_teacher_student.py"" --student-monitors ""E:\11.16\script2_new\chapter5_layout_optimization\outputs\layout_stability\layout_files\v2_2_clean_generalization\N15\layout_seed_42\monitor_nodes_learnable_layout_network_v2_2_clean_generalization_N15_layoutseed42.json"" --teacher-subdir time_gated_full_ie_v4_formal_conservative420_seed42 --student-model-type hydraulic_inverse_deepattn --num-epochs 25 --lambda-kd 0 --lambda-active-kd 0 --split-mode scenario --seed 123 --output-tag ch5_core_v2_2_clean_generalization_N15_scenario_s123",7,34,9,1.68,6.0,7,13.142857142857142,0.08051432694289835,2.109375,missing,,,,,,,,,
degree,Degree,degree,20,7,scenario,E:\11.16\script2_new\chapter5_layout_optimization\outputs\layouts\degree\monitor_nodes_degree_N20.json,ch5_core_degree_N20_scenario_s7,E:\11.16\script2_new\outputs\reports\last_run_metrics_ch5_core_degree_N20_scenario_s7.json,"conda run -n swmm_gpu python ""E:\11.16\script2_new\scripts\train_privileged_teacher_student.py"" --student-monitors ""E:\11.16\script2_new\chapter5_layout_optimization\outputs\layouts\degree\monitor_nodes_degree_N20.json"" --teacher-subdir time_gated_full_ie_v4_formal_conservative420_seed42 --student-model-type hydraulic_inverse_deepattn --num-epochs 25 --lambda-kd 0 --lambda-active-kd 0 --split-mode scenario --seed 7 --output-tag ch5_core_degree_N20_scenario_s7",12,18,20,3.64,15.0,12,9.294736842105262,0.07945906432748538,,missing,,,,,,,,,
degree,Degree,degree,20,42,scenario,E:\11.16\script2_new\chapter5_layout_optimization\outputs\layouts\degree\monitor_nodes_degree_N20.json,ch5_core_degree_N20_scenario_s42,E:\11.16\script2_new\outputs\reports\last_run_metrics_ch5_core_degree_N20_scenario_s42.json,"conda run -n swmm_gpu python ""E:\11.16\script2_new\scripts\train_privileged_teacher_student.py"" --student-monitors ""E:\11.16\script2_new\chapter5_layout_optimization\outputs\layouts\degree\monitor_nodes_degree_N20.json"" --teacher-subdir time_gated_full_ie_v4_formal_conservative420_seed42 --student-model-type hydraulic_inverse_deepattn --num-epochs 25 --lambda-kd 0 --lambda-active-kd 0 --split-mode scenario --seed 42 --output-tag ch5_core_degree_N20_scenario_s42",12,18,20,3.64,15.0,12,9.294736842105262,0.07945906432748538,,missing,,,,,,,,,
degree,Degree,degree,20,123,scenario,E:\11.16\script2_new\chapter5_layout_optimization\outputs\layouts\degree\monitor_nodes_degree_N20.json,ch5_core_degree_N20_scenario_s123,E:\11.16\script2_new\outputs\reports\last_run_metrics_ch5_core_degree_N20_scenario_s123.json,"conda run -n swmm_gpu python ""E:\11.16\script2_new\scripts\train_privileged_teacher_student.py"" --student-monitors ""E:\11.16\script2_new\chapter5_layout_optimization\outputs\layouts\degree\monitor_nodes_degree_N20.json"" --teacher-subdir time_gated_full_ie_v4_formal_conservative420_seed42 --student-model-type hydraulic_inverse_deepattn --num-epochs 25 --lambda-kd 0 --lambda-active-kd 0 --split-mode scenario --seed 123 --output-tag ch5_core_degree_N20_scenario_s123",12,18,20,3.64,15.0,12,9.294736842105262,0.07945906432748538,,missing,,,,,,,,,
candidate_observability,Cand-Obs,candidate_observability,20,7,scenario,E:\11.16\script2_new\chapter5_layout_optimization\outputs\layouts\candidate_observability\monitor_nodes_candidate_observability_N20.json,ch5_core_candidate_observability_N20_scenario_s7,E:\11.16\script2_new\outputs\reports\last_run_metrics_ch5_core_candidate_observability_N20_scenario_s7.json,"conda run -n swmm_gpu python ""E:\11.16\script2_new\scripts\train_privileged_teacher_student.py"" --student-monitors ""E:\11.16\script2_new\chapter5_layout_optimization\outputs\layouts\candidate_observability\monitor_nodes_candidate_observability_N20.json"" --teacher-subdir time_gated_full_ie_v4_formal_conservative420_seed42 --student-model-type hydraulic_inverse_deepattn --num-epochs 25 --lambda-kd 0 --lambda-active-kd 0 --split-mode scenario --seed 7 --output-tag ch5_core_candidate_observability_N20_scenario_s7",12,35,3,1.2,3.0,12,12.963157894736842,0.0056265664160401,,missing,,,,,,,,,
candidate_observability,Cand-Obs,candidate_observability,20,42,scenario,E:\11.16\script2_new\chapter5_layout_optimization\outputs\layouts\candidate_observability\monitor_nodes_candidate_observability_N20.json,ch5_core_candidate_observability_N20_scenario_s42,E:\11.16\script2_new\outputs\reports\last_run_metrics_ch5_core_candidate_observability_N20_scenario_s42.json,"conda run -n swmm_gpu python ""E:\11.16\script2_new\scripts\train_privileged_teacher_student.py"" --student-monitors ""E:\11.16\script2_new\chapter5_layout_optimization\outputs\layouts\candidate_observability\monitor_nodes_candidate_observability_N20.json"" --teacher-subdir time_gated_full_ie_v4_formal_conservative420_seed42 --student-model-type hydraulic_inverse_deepattn --num-epochs 25 --lambda-kd 0 --lambda-active-kd 0 --split-mode scenario --seed 42 --output-tag ch5_core_candidate_observability_N20_scenario_s42",12,35,3,1.2,3.0,12,12.963157894736842,0.0056265664160401,,missing,,,,,,,,,
candidate_observability,Cand-Obs,candidate_observability,20,123,scenario,E:\11.16\script2_new\chapter5_layout_optimization\outputs\layouts\candidate_observability\monitor_nodes_candidate_observability_N20.json,ch5_core_candidate_observability_N20_scenario_s123,E:\11.16\script2_new\outputs\reports\last_run_metrics_ch5_core_candidate_observability_N20_scenario_s123.json,"conda run -n swmm_gpu python ""E:\11.16\script2_new\scripts\train_privileged_teacher_student.py"" --student-monitors ""E:\11.16\script2_new\chapter5_layout_optimization\outputs\layouts\candidate_observability\monitor_nodes_candidate_observability_N20.json"" --teacher-subdir time_gated_full_ie_v4_formal_conservative420_seed42 --student-model-type hydraulic_inverse_deepattn --num-epochs 25 --lambda-kd 0 --lambda-active-kd 0 --split-mode scenario --seed 123 --output-tag ch5_core_candidate_observability_N20_scenario_s123",12,35,3,1.2,3.0,12,12.963157894736842,0.0056265664160401,,missing,,,,,,,,,
two_stage_balanced_layout_v1,Two-stage v1,two_stage_balanced_layout_v1,20,7,scenario,E:\11.16\script2_new\chapter5_layout_optimization\outputs\layouts\two_stage_balanced_layout_v1\monitor_nodes_two_stage_balanced_layout_v1_N20.json,ch5_core_two_stage_balanced_layout_v1_N20_scenario_s7,E:\11.16\script2_new\outputs\reports\last_run_metrics_ch5_core_two_stage_balanced_layout_v1_N20_scenario_s7.json,"conda run -n swmm_gpu python ""E:\11.16\script2_new\scripts\train_privileged_teacher_student.py"" --student-monitors ""E:\11.16\script2_new\chapter5_layout_optimization\outputs\layouts\two_stage_balanced_layout_v1\monitor_nodes_two_stage_balanced_layout_v1_N20.json"" --teacher-subdir time_gated_full_ie_v4_formal_conservative420_seed42 --student-model-type hydraulic_inverse_deepattn --num-epochs 25 --lambda-kd 0 --lambda-active-kd 0 --split-mode scenario --seed 7 --output-tag ch5_core_two_stage_balanced_layout_v1_N20_scenario_s7",15,28,7,1.36,6.0,15,13.76842105263158,0.011271929824561404,,missing,,,,,,,,,
two_stage_balanced_layout_v1,Two-stage v1,two_stage_balanced_layout_v1,20,42,scenario,E:\11.16\script2_new\chapter5_layout_optimization\outputs\layouts\two_stage_balanced_layout_v1\monitor_nodes_two_stage_balanced_layout_v1_N20.json,ch5_core_two_stage_balanced_layout_v1_N20_scenario_s42,E:\11.16\script2_new\outputs\reports\last_run_metrics_ch5_core_two_stage_balanced_layout_v1_N20_scenario_s42.json,"conda run -n swmm_gpu python ""E:\11.16\script2_new\scripts\train_privileged_teacher_student.py"" --student-monitors ""E:\11.16\script2_new\chapter5_layout_optimization\outputs\layouts\two_stage_balanced_layout_v1\monitor_nodes_two_stage_balanced_layout_v1_N20.json"" --teacher-subdir time_gated_full_ie_v4_formal_conservative420_seed42 --student-model-type hydraulic_inverse_deepattn --num-epochs 25 --lambda-kd 0 --lambda-active-kd 0 --split-mode scenario --seed 42 --output-tag ch5_core_two_stage_balanced_layout_v1_N20_scenario_s42",15,28,7,1.36,6.0,15,13.76842105263158,0.011271929824561404,,missing,,,,,,,,,
two_stage_balanced_layout_v1,Two-stage v1,two_stage_balanced_layout_v1,20,123,scenario,E:\11.16\script2_new\chapter5_layout_optimization\outputs\layouts\two_stage_balanced_layout_v1\monitor_nodes_two_stage_balanced_layout_v1_N20.json,ch5_core_two_stage_balanced_layout_v1_N20_scenario_s123,E:\11.16\script2_new\outputs\reports\last_run_metrics_ch5_core_two_stage_balanced_layout_v1_N20_scenario_s123.json,"conda run -n swmm_gpu python ""E:\11.16\script2_new\scripts\train_privileged_teacher_student.py"" --student-monitors ""E:\11.16\script2_new\chapter5_layout_optimization\outputs\layouts\two_stage_balanced_layout_v1\monitor_nodes_two_stage_balanced_layout_v1_N20.json"" --teacher-subdir time_gated_full_ie_v4_formal_conservative420_seed42 --student-model-type hydraulic_inverse_deepattn --num-epochs 25 --lambda-kd 0 --lambda-active-kd 0 --split-mode scenario --seed 123 --output-tag ch5_core_two_stage_balanced_layout_v1_N20_scenario_s123",15,28,7,1.36,6.0,15,13.76842105263158,0.011271929824561404,,missing,,,,,,,,,
v0_2_clean_scenario,v0_2 clean,learnable_layout_network_v0_2_clean_scenario,20,7,scenario,E:\11.16\script2_new\chapter5_layout_optimization\outputs\layout_stability\layout_files\v0_2_clean_scenario\N20\layout_seed_42\monitor_nodes_learnable_layout_network_v0_2_clean_scenario_N20_layoutseed42.json,ch5_core_v0_2_clean_scenario_N20_scenario_s7,E:\11.16\script2_new\outputs\reports\last_run_metrics_ch5_core_v0_2_clean_scenario_N20_scenario_s7.json,"conda run -n swmm_gpu python ""E:\11.16\script2_new\scripts\train_privileged_teacher_student.py"" --student-monitors ""E:\11.16\script2_new\chapter5_layout_optimization\outputs\layout_stability\layout_files\v0_2_clean_scenario\N20\layout_seed_42\monitor_nodes_learnable_layout_network_v0_2_clean_scenario_N20_layoutseed42.json"" --teacher-subdir time_gated_full_ie_v4_formal_conservative420_seed42 --student-model-type hydraulic_inverse_deepattn --num-epochs 25 --lambda-kd 0 --lambda-active-kd 0 --split-mode scenario --seed 7 --output-tag ch5_core_v0_2_clean_scenario_N20_scenario_s7",12,35,3,1.24,3.0,12,12.594736842105263,0.08919966729177255,1.6484375,missing,,,,,,,,,
v0_2_clean_scenario,v0_2 clean,learnable_layout_network_v0_2_clean_scenario,20,42,scenario,E:\11.16\script2_new\chapter5_layout_optimization\outputs\layout_stability\layout_files\v0_2_clean_scenario\N20\layout_seed_42\monitor_nodes_learnable_layout_network_v0_2_clean_scenario_N20_layoutseed42.json,ch5_core_v0_2_clean_scenario_N20_scenario_s42,E:\11.16\script2_new\outputs\reports\last_run_metrics_ch5_core_v0_2_clean_scenario_N20_scenario_s42.json,"conda run -n swmm_gpu python ""E:\11.16\script2_new\scripts\train_privileged_teacher_student.py"" --student-monitors ""E:\11.16\script2_new\chapter5_layout_optimization\outputs\layout_stability\layout_files\v0_2_clean_scenario\N20\layout_seed_42\monitor_nodes_learnable_layout_network_v0_2_clean_scenario_N20_layoutseed42.json"" --teacher-subdir time_gated_full_ie_v4_formal_conservative420_seed42 --student-model-type hydraulic_inverse_deepattn --num-epochs 25 --lambda-kd 0 --lambda-active-kd 0 --split-mode scenario --seed 42 --output-tag ch5_core_v0_2_clean_scenario_N20_scenario_s42",12,35,3,1.24,3.0,12,12.594736842105263,0.08919966729177255,1.6484375,missing,,,,,,,,,
v0_2_clean_scenario,v0_2 clean,learnable_layout_network_v0_2_clean_scenario,20,123,scenario,E:\11.16\script2_new\chapter5_layout_optimization\outputs\layout_stability\layout_files\v0_2_clean_scenario\N20\layout_seed_42\monitor_nodes_learnable_layout_network_v0_2_clean_scenario_N20_layoutseed42.json,ch5_core_v0_2_clean_scenario_N20_scenario_s123,E:\11.16\script2_new\outputs\reports\last_run_metrics_ch5_core_v0_2_clean_scenario_N20_scenario_s123.json,"conda run -n swmm_gpu python ""E:\11.16\script2_new\scripts\train_privileged_teacher_student.py"" --student-monitors ""E:\11.16\script2_new\chapter5_layout_optimization\outputs\layout_stability\layout_files\v0_2_clean_scenario\N20\layout_seed_42\monitor_nodes_learnable_layout_network_v0_2_clean_scenario_N20_layoutseed42.json"" --teacher-subdir time_gated_full_ie_v4_formal_conservative420_seed42 --student-model-type hydraulic_inverse_deepattn --num-epochs 25 --lambda-kd 0 --lambda-active-kd 0 --split-mode scenario --seed 123 --output-tag ch5_core_v0_2_clean_scenario_N20_scenario_s123",12,35,3,1.24,3.0,12,12.594736842105263,0.08919966729177255,1.6484375,missing,,,,,,,,,
v2_2_clean_generalization,v2_2 clean,learnable_layout_network_v2_2_clean_generalization,20,7,scenario,E:\11.16\script2_new\chapter5_layout_optimization\outputs\layout_stability\layout_files\v2_2_clean_generalization\N20\layout_seed_42\monitor_nodes_learnable_layout_network_v2_2_clean_generalization_N20_layoutseed42.json,ch5_core_v2_2_clean_generalization_N20_scenario_s7,E:\11.16\script2_new\outputs\reports\last_run_metrics_ch5_core_v2_2_clean_generalization_N20_scenario_s7.json,"conda run -n swmm_gpu python ""E:\11.16\script2_new\scripts\train_privileged_teacher_student.py"" --student-monitors ""E:\11.16\script2_new\chapter5_layout_optimization\outputs\layout_stability\layout_files\v2_2_clean_generalization\N20\layout_seed_42\monitor_nodes_learnable_layout_network_v2_2_clean_generalization_N20_layoutseed42.json"" --teacher-subdir time_gated_full_ie_v4_formal_conservative420_seed42 --student-model-type hydraulic_inverse_deepattn --num-epochs 25 --lambda-kd 0 --lambda-active-kd 0 --split-mode scenario --seed 7 --output-tag ch5_core_v2_2_clean_generalization_N20_scenario_s7",10,37,3,1.28,3.0,10,12.873684210526315,0.08808308650413914,1.6640625,missing,,,,,,,,,
v2_2_clean_generalization,v2_2 clean,learnable_layout_network_v2_2_clean_generalization,20,42,scenario,E:\11.16\script2_new\chapter5_layout_optimization\outputs\layout_stability\layout_files\v2_2_clean_generalization\N20\layout_seed_42\monitor_nodes_learnable_layout_network_v2_2_clean_generalization_N20_layoutseed42.json,ch5_core_v2_2_clean_generalization_N20_scenario_s42,E:\11.16\script2_new\outputs\reports\last_run_metrics_ch5_core_v2_2_clean_generalization_N20_scenario_s42.json,"conda run -n swmm_gpu python ""E:\11.16\script2_new\scripts\train_privileged_teacher_student.py"" --student-monitors ""E:\11.16\script2_new\chapter5_layout_optimization\outputs\layout_stability\layout_files\v2_2_clean_generalization\N20\layout_seed_42\monitor_nodes_learnable_layout_network_v2_2_clean_generalization_N20_layoutseed42.json"" --teacher-subdir time_gated_full_ie_v4_formal_conservative420_seed42 --student-model-type hydraulic_inverse_deepattn --num-epochs 25 --lambda-kd 0 --lambda-active-kd 0 --split-mode scenario --seed 42 --output-tag ch5_core_v2_2_clean_generalization_N20_scenario_s42",10,37,3,1.28,3.0,10,12.873684210526315,0.08808308650413914,1.6640625,missing,,,,,,,,,
v2_2_clean_generalization,v2_2 clean,learnable_layout_network_v2_2_clean_generalization,20,123,scenario,E:\11.16\script2_new\chapter5_layout_optimization\outputs\layout_stability\layout_files\v2_2_clean_generalization\N20\layout_seed_42\monitor_nodes_learnable_layout_network_v2_2_clean_generalization_N20_layoutseed42.json,ch5_core_v2_2_clean_generalization_N20_scenario_s123,E:\11.16\script2_new\outputs\reports\last_run_metrics_ch5_core_v2_2_clean_generalization_N20_scenario_s123.json,"conda run -n swmm_gpu python ""E:\11.16\script2_new\scripts\train_privileged_teacher_student.py"" --student-monitors ""E:\11.16\script2_new\chapter5_layout_optimization\outputs\layout_stability\layout_files\v2_2_clean_generalization\N20\layout_seed_42\monitor_nodes_learnable_layout_network_v2_2_clean_generalization_N20_layoutseed42.json"" --teacher-subdir time_gated_full_ie_v4_formal_conservative420_seed42 --student-model-type hydraulic_inverse_deepattn --num-epochs 25 --lambda-kd 0 --lambda-active-kd 0 --split-mode scenario --seed 123 --output-tag ch5_core_v2_2_clean_generalization_N20_scenario_s123",10,37,3,1.28,3.0,10,12.873684210526315,0.08808308650413914,1.6640625,missing,,,,,,,,,
degree,Degree,degree,25,7,scenario,E:\11.16\script2_new\chapter5_layout_optimization\outputs\layouts\degree\monitor_nodes_degree_N25.json,ch5_core_degree_N25_scenario_s7,E:\11.16\script2_new\outputs\reports\last_run_metrics_ch5_core_degree_N25_scenario_s7.json,"conda run -n swmm_gpu python ""E:\11.16\script2_new\scripts\train_privileged_teacher_student.py"" --student-monitors ""E:\11.16\script2_new\chapter5_layout_optimization\outputs\layouts\degree\monitor_nodes_degree_N25.json"" --teacher-subdir time_gated_full_ie_v4_formal_conservative420_seed42 --student-model-type hydraulic_inverse_deepattn --num-epochs 25 --lambda-kd 0 --lambda-active-kd 0 --split-mode scenario --seed 7 --output-tag ch5_core_degree_N25_scenario_s7",12,21,17,3.48,15.0,12,9.78,0.06839550264550263,,missing,,,,,,,,,
degree,Degree,degree,25,42,scenario,E:\11.16\script2_new\chapter5_layout_optimization\outputs\layouts\degree\monitor_nodes_degree_N25.json,ch5_core_degree_N25_scenario_s42,E:\11.16\script2_new\outputs\reports\last_run_metrics_ch5_core_degree_N25_scenario_s42.json,"conda run -n swmm_gpu python ""E:\11.16\script2_new\scripts\train_privileged_teacher_student.py"" --student-monitors ""E:\11.16\script2_new\chapter5_layout_optimization\outputs\layouts\degree\monitor_nodes_degree_N25.json"" --teacher-subdir time_gated_full_ie_v4_formal_conservative420_seed42 --student-model-type hydraulic_inverse_deepattn --num-epochs 25 --lambda-kd 0 --lambda-active-kd 0 --split-mode scenario --seed 42 --output-tag ch5_core_degree_N25_scenario_s42",12,21,17,3.48,15.0,12,9.78,0.06839550264550263,,available,0.7932988883734028,0.6721120186697783,0.8926487747957993,0.9544924154025671,0.7995807293663572,0.6772306023858821,0.9110333344287797,0.9668161950770647,63.0
degree,Degree,degree,25,123,scenario,E:\11.16\script2_new\chapter5_layout_optimization\outputs\layouts\degree\monitor_nodes_degree_N25.json,ch5_core_degree_N25_scenario_s123,E:\11.16\script2_new\outputs\reports\last_run_metrics_ch5_core_degree_N25_scenario_s123.json,"conda run -n swmm_gpu python ""E:\11.16\script2_new\scripts\train_privileged_teacher_student.py"" --student-monitors ""E:\11.16\script2_new\chapter5_layout_optimization\outputs\layouts\degree\monitor_nodes_degree_N25.json"" --teacher-subdir time_gated_full_ie_v4_formal_conservative420_seed42 --student-model-type hydraulic_inverse_deepattn --num-epochs 25 --lambda-kd 0 --lambda-active-kd 0 --split-mode scenario --seed 123 --output-tag ch5_core_degree_N25_scenario_s123",12,21,17,3.48,15.0,12,9.78,0.06839550264550263,,missing,,,,,,,,,
candidate_observability,Cand-Obs,candidate_observability,25,7,scenario,E:\11.16\script2_new\chapter5_layout_optimization\outputs\layouts\candidate_observability\monitor_nodes_candidate_observability_N25.json,ch5_core_candidate_observability_N25_scenario_s7,E:\11.16\script2_new\outputs\reports\last_run_metrics_ch5_core_candidate_observability_N25_scenario_s7.json,"conda run -n swmm_gpu python ""E:\11.16\script2_new\scripts\train_privileged_teacher_student.py"" --student-monitors ""E:\11.16\script2_new\chapter5_layout_optimization\outputs\layouts\candidate_observability\monitor_nodes_candidate_observability_N25.json"" --teacher-subdir time_gated_full_ie_v4_formal_conservative420_seed42 --student-model-type hydraulic_inverse_deepattn --num-epochs 25 --lambda-kd 0 --lambda-active-kd 0 --split-mode scenario --seed 7 --output-tag ch5_core_candidate_observability_N25_scenario_s7",15,34,1,0.94,3.0,15,12.526666666666667,0.015628306878306877,,missing,,,,,,,,,
candidate_observability,Cand-Obs,candidate_observability,25,42,scenario,E:\11.16\script2_new\chapter5_layout_optimization\outputs\layouts\candidate_observability\monitor_nodes_candidate_observability_N25.json,ch5_core_candidate_observability_N25_scenario_s42,E:\11.16\script2_new\outputs\reports\last_run_metrics_ch5_core_candidate_observability_N25_scenario_s42.json,"conda run -n swmm_gpu python ""E:\11.16\script2_new\scripts\train_privileged_teacher_student.py"" --student-monitors ""E:\11.16\script2_new\chapter5_layout_optimization\outputs\layouts\candidate_observability\monitor_nodes_candidate_observability_N25.json"" --teacher-subdir time_gated_full_ie_v4_formal_conservative420_seed42 --student-model-type hydraulic_inverse_deepattn --num-epochs 25 --lambda-kd 0 --lambda-active-kd 0 --split-mode scenario --seed 42 --output-tag ch5_core_candidate_observability_N25_scenario_s42",15,34,1,0.94,3.0,15,12.526666666666667,0.015628306878306877,,available,0.909694677194887,0.8413068844807468,0.9801633605600933,0.9964994165694282,0.9058005093658993,0.8369741982578419,0.9730095742000503,0.9915343915343916,63.0
candidate_observability,Cand-Obs,candidate_observability,25,123,scenario,E:\11.16\script2_new\chapter5_layout_optimization\outputs\layouts\candidate_observability\monitor_nodes_candidate_observability_N25.json,ch5_core_candidate_observability_N25_scenario_s123,E:\11.16\script2_new\outputs\reports\last_run_metrics_ch5_core_candidate_observability_N25_scenario_s123.json,"conda run -n swmm_gpu python ""E:\11.16\script2_new\scripts\train_privileged_teacher_student.py"" --student-monitors ""E:\11.16\script2_new\chapter5_layout_optimization\outputs\layouts\candidate_observability\monitor_nodes_candidate_observability_N25.json"" --teacher-subdir time_gated_full_ie_v4_formal_conservative420_seed42 --student-model-type hydraulic_inverse_deepattn --num-epochs 25 --lambda-kd 0 --lambda-active-kd 0 --split-mode scenario --seed 123 --output-tag ch5_core_candidate_observability_N25_scenario_s123",15,34,1,0.94,3.0,15,12.526666666666667,0.015628306878306877,,missing,,,,,,,,,
two_stage_balanced_layout_v1,Two-stage v1,two_stage_balanced_layout_v1,25,7,scenario,E:\11.16\script2_new\chapter5_layout_optimization\outputs\layouts\two_stage_balanced_layout_v1\monitor_nodes_two_stage_balanced_layout_v1_N25.json,ch5_core_two_stage_balanced_layout_v1_N25_scenario_s7,E:\11.16\script2_new\outputs\reports\last_run_metrics_ch5_core_two_stage_balanced_layout_v1_N25_scenario_s7.json,"conda run -n swmm_gpu python ""E:\11.16\script2_new\scripts\train_privileged_teacher_student.py"" --student-monitors ""E:\11.16\script2_new\chapter5_layout_optimization\outputs\layouts\two_stage_balanced_layout_v1\monitor_nodes_two_stage_balanced_layout_v1_N25.json"" --teacher-subdir time_gated_full_ie_v4_formal_conservative420_seed42 --student-model-type hydraulic_inverse_deepattn --num-epochs 25 --lambda-kd 0 --lambda-active-kd 0 --split-mode scenario --seed 7 --output-tag ch5_core_two_stage_balanced_layout_v1_N25_scenario_s7",18,31,1,0.92,4.0,18,13.823333333333334,0.006115079365079365,,missing,,,,,,,,,
two_stage_balanced_layout_v1,Two-stage v1,two_stage_balanced_layout_v1,25,42,scenario,E:\11.16\script2_new\chapter5_layout_optimization\outputs\layouts\two_stage_balanced_layout_v1\monitor_nodes_two_stage_balanced_layout_v1_N25.json,ch5_core_two_stage_balanced_layout_v1_N25_scenario_s42,E:\11.16\script2_new\outputs\reports\last_run_metrics_ch5_core_two_stage_balanced_layout_v1_N25_scenario_s42.json,"conda run -n swmm_gpu python ""E:\11.16\script2_new\scripts\train_privileged_teacher_student.py"" --student-monitors ""E:\11.16\script2_new\chapter5_layout_optimization\outputs\layouts\two_stage_balanced_layout_v1\monitor_nodes_two_stage_balanced_layout_v1_N25.json"" --teacher-subdir time_gated_full_ie_v4_formal_conservative420_seed42 --student-model-type hydraulic_inverse_deepattn --num-epochs 25 --lambda-kd 0 --lambda-active-kd 0 --split-mode scenario --seed 42 --output-tag ch5_core_two_stage_balanced_layout_v1_N25_scenario_s42",18,31,1,0.92,4.0,18,13.823333333333334,0.006115079365079365,,available,0.8848815990509759,0.8133022170361727,0.9521586931155193,0.9836639439906651,0.8719084994713301,0.7910304862685814,0.9458931720836483,0.9876543209876542,63.0
two_stage_balanced_layout_v1,Two-stage v1,two_stage_balanced_layout_v1,25,123,scenario,E:\11.16\script2_new\chapter5_layout_optimization\outputs\layouts\two_stage_balanced_layout_v1\monitor_nodes_two_stage_balanced_layout_v1_N25.json,ch5_core_two_stage_balanced_layout_v1_N25_scenario_s123,E:\11.16\script2_new\outputs\reports\last_run_metrics_ch5_core_two_stage_balanced_layout_v1_N25_scenario_s123.json,"conda run -n swmm_gpu python ""E:\11.16\script2_new\scripts\train_privileged_teacher_student.py"" --student-monitors ""E:\11.16\script2_new\chapter5_layout_optimization\outputs\layouts\two_stage_balanced_layout_v1\monitor_nodes_two_stage_balanced_layout_v1_N25.json"" --teacher-subdir time_gated_full_ie_v4_formal_conservative420_seed42 --student-model-type hydraulic_inverse_deepattn --num-epochs 25 --lambda-kd 0 --lambda-active-kd 0 --split-mode scenario --seed 123 --output-tag ch5_core_two_stage_balanced_layout_v1_N25_scenario_s123",18,31,1,0.92,4.0,18,13.823333333333334,0.006115079365079365,,missing,,,,,,,,,
v0_2_clean_scenario,v0_2 clean,learnable_layout_network_v0_2_clean_scenario,25,7,scenario,E:\11.16\script2_new\chapter5_layout_optimization\outputs\layout_stability\layout_files\v0_2_clean_scenario\N25\layout_seed_42\monitor_nodes_learnable_layout_network_v0_2_clean_scenario_N25_layoutseed42.json,ch5_core_v0_2_clean_scenario_N25_scenario_s7,E:\11.16\script2_new\outputs\reports\last_run_metrics_ch5_core_v0_2_clean_scenario_N25_scenario_s7.json,"conda run -n swmm_gpu python ""E:\11.16\script2_new\scripts\train_privileged_teacher_student.py"" --student-monitors ""E:\11.16\script2_new\chapter5_layout_optimization\outputs\layout_stability\layout_files\v0_2_clean_scenario\N25\layout_seed_42\monitor_nodes_learnable_layout_network_v0_2_clean_scenario_N25_layoutseed42.json"" --teacher-subdir time_gated_full_ie_v4_formal_conservative420_seed42 --student-model-type hydraulic_inverse_deepattn --num-epochs 25 --lambda-kd 0 --lambda-active-kd 0 --split-mode scenario --seed 7 --output-tag ch5_core_v0_2_clean_scenario_N25_scenario_s7",15,34,1,0.96,3.0,15,12.496666666666666,0.09170004995004995,1.3515625,missing,,,,,,,,,
v0_2_clean_scenario,v0_2 clean,learnable_layout_network_v0_2_clean_scenario,25,42,scenario,E:\11.16\script2_new\chapter5_layout_optimization\outputs\layout_stability\layout_files\v0_2_clean_scenario\N25\layout_seed_42\monitor_nodes_learnable_layout_network_v0_2_clean_scenario_N25_layoutseed42.json,ch5_core_v0_2_clean_scenario_N25_scenario_s42,E:\11.16\script2_new\outputs\reports\last_run_metrics_ch5_core_v0_2_clean_scenario_N25_scenario_s42.json,"conda run -n swmm_gpu python ""E:\11.16\script2_new\scripts\train_privileged_teacher_student.py"" --student-monitors ""E:\11.16\script2_new\chapter5_layout_optimization\outputs\layout_stability\layout_files\v0_2_clean_scenario\N25\layout_seed_42\monitor_nodes_learnable_layout_network_v0_2_clean_scenario_N25_layoutseed42.json"" --teacher-subdir time_gated_full_ie_v4_formal_conservative420_seed42 --student-model-type hydraulic_inverse_deepattn --num-epochs 25 --lambda-kd 0 --lambda-active-kd 0 --split-mode scenario --seed 42 --output-tag ch5_core_v0_2_clean_scenario_N25_scenario_s42",15,34,1,0.96,3.0,15,12.496666666666666,0.09170004995004995,1.3515625,available,0.8820680097493158,0.8016336056009334,0.9661610268378062,0.9836639439906651,0.8766801446451205,0.7923704410764453,0.957716049382716,0.9803791887125219,63.0
v0_2_clean_scenario,v0_2 clean,learnable_layout_network_v0_2_clean_scenario,25,123,scenario,E:\11.16\script2_new\chapter5_layout_optimization\outputs\layout_stability\layout_files\v0_2_clean_scenario\N25\layout_seed_42\monitor_nodes_learnable_layout_network_v0_2_clean_scenario_N25_layoutseed42.json,ch5_core_v0_2_clean_scenario_N25_scenario_s123,E:\11.16\script2_new\outputs\reports\last_run_metrics_ch5_core_v0_2_clean_scenario_N25_scenario_s123.json,"conda run -n swmm_gpu python ""E:\11.16\script2_new\scripts\train_privileged_teacher_student.py"" --student-monitors ""E:\11.16\script2_new\chapter5_layout_optimization\outputs\layout_stability\layout_files\v0_2_clean_scenario\N25\layout_seed_42\monitor_nodes_learnable_layout_network_v0_2_clean_scenario_N25_layoutseed42.json"" --teacher-subdir time_gated_full_ie_v4_formal_conservative420_seed42 --student-model-type hydraulic_inverse_deepattn --num-epochs 25 --lambda-kd 0 --lambda-active-kd 0 --split-mode scenario --seed 123 --output-tag ch5_core_v0_2_clean_scenario_N25_scenario_s123",15,34,1,0.96,3.0,15,12.496666666666666,0.09170004995004995,1.3515625,missing,,,,,,,,,
v2_2_clean_generalization,v2_2 clean,learnable_layout_network_v2_2_clean_generalization,25,7,scenario,E:\11.16\script2_new\chapter5_layout_optimization\outputs\layout_stability\layout_files\v2_2_clean_generalization\N25\layout_seed_42\monitor_nodes_learnable_layout_network_v2_2_clean_generalization_N25_layoutseed42.json,ch5_core_v2_2_clean_generalization_N25_scenario_s7,E:\11.16\script2_new\outputs\reports\last_run_metrics_ch5_core_v2_2_clean_generalization_N25_scenario_s7.json,"conda run -n swmm_gpu python ""E:\11.16\script2_new\scripts\train_privileged_teacher_student.py"" --student-monitors ""E:\11.16\script2_new\chapter5_layout_optimization\outputs\layout_stability\layout_files\v2_2_clean_generalization\N25\layout_seed_42\monitor_nodes_learnable_layout_network_v2_2_clean_generalization_N25_layoutseed42.json"" --teacher-subdir time_gated_full_ie_v4_formal_conservative420_seed42 --student-model-type hydraulic_inverse_deepattn --num-epochs 25 --lambda-kd 0 --lambda-active-kd 0 --split-mode scenario --seed 7 --output-tag ch5_core_v2_2_clean_generalization_N25_scenario_s7",12,37,1,1.1,3.0,12,12.796666666666667,0.09125280275280274,1.3203125,missing,,,,,,,,,
v2_2_clean_generalization,v2_2 clean,learnable_layout_network_v2_2_clean_generalization,25,42,scenario,E:\11.16\script2_new\chapter5_layout_optimization\outputs\layout_stability\layout_files\v2_2_clean_generalization\N25\layout_seed_42\monitor_nodes_learnable_layout_network_v2_2_clean_generalization_N25_layoutseed42.json,ch5_core_v2_2_clean_generalization_N25_scenario_s42,E:\11.16\script2_new\outputs\reports\last_run_metrics_ch5_core_v2_2_clean_generalization_N25_scenario_s42.json,"conda run -n swmm_gpu python ""E:\11.16\script2_new\scripts\train_privileged_teacher_student.py"" --student-monitors ""E:\11.16\script2_new\chapter5_layout_optimization\outputs\layout_stability\layout_files\v2_2_clean_generalization\N25\layout_seed_42\monitor_nodes_learnable_layout_network_v2_2_clean_generalization_N25_layoutseed42.json"" --teacher-subdir time_gated_full_ie_v4_formal_conservative420_seed42 --student-model-type hydraulic_inverse_deepattn --num-epochs 25 --lambda-kd 0 --lambda-active-kd 0 --split-mode scenario --seed 42 --output-tag ch5_core_v2_2_clean_generalization_N25_scenario_s42",12,37,1,1.1,3.0,12,12.796666666666667,0.09125280275280274,1.3203125,available,0.9035639522234228,0.8296382730455076,0.9778296382730455,0.9929988331388565,0.8866947257302674,0.8001878441319433,0.9718694885361554,0.9914021164021164,63.0
v2_2_clean_generalization,v2_2 clean,learnable_layout_network_v2_2_clean_generalization,25,123,scenario,E:\11.16\script2_new\chapter5_layout_optimization\outputs\layout_stability\layout_files\v2_2_clean_generalization\N25\layout_seed_42\monitor_nodes_learnable_layout_network_v2_2_clean_generalization_N25_layoutseed42.json,ch5_core_v2_2_clean_generalization_N25_scenario_s123,E:\11.16\script2_new\outputs\reports\last_run_metrics_ch5_core_v2_2_clean_generalization_N25_scenario_s123.json,"conda run -n swmm_gpu python ""E:\11.16\script2_new\scripts\train_privileged_teacher_student.py"" --student-monitors ""E:\11.16\script2_new\chapter5_layout_optimization\outputs\layout_stability\layout_files\v2_2_clean_generalization\N25\layout_seed_42\monitor_nodes_learnable_layout_network_v2_2_clean_generalization_N25_layoutseed42.json"" --teacher-subdir time_gated_full_ie_v4_formal_conservative420_seed42 --student-model-type hydraulic_inverse_deepattn --num-epochs 25 --lambda-kd 0 --lambda-active-kd 0 --split-mode scenario --seed 123 --output-tag ch5_core_v2_2_clean_generalization_N25_scenario_s123",12,37,1,1.1,3.0,12,12.796666666666667,0.09125280275280274,1.3203125,missing,,,,,,,,,
